city,state,country
City of New York,New York,United States
City of New York,New York,United States
Cleveland,Ohio,United States
City of New York,New York,United States
Atlantic City,New Jersey,United States
City of New York,New York,United States
,,
Cleveland,Ohio,United States
City of New York,New York,United States
Cleveland,Ohio,United States
Columbus,Ohio,United States
Cleveland,Ohio,United States
Fort Erie,Ontario,Canada
West Mifflin,Pennsylvania,United States
Revere,Massachusetts,United States
,,
,,
Cleveland,Ohio,United States
Tolchester Beach,Maryland,United States
Bristol,Connecticut,United States
Bowie,Maryland,United States
Clementon,New Jersey,United States
West Mifflin,Pennsylvania,United States
City of Rochester,New York,United States
Thanet,England,United Kingdom
Farmington,Utah,United States
,England,United Kingdom
Derry Township,Pennsylvania,United States
Chicago,Illinois,United States
Santa Cruz,California,United States
West Mifflin,Pennsylvania,United States
Cleveland,Ohio,United States
Allentown,Pennsylvania,United States
,Ohio,United States
Revere,Massachusetts,United States
,,
Moosic,Pennsylvania,United States
City of New York,New York,United States
West Haven,Connecticut,United States
Fort Erie,Ontario,Canada
Philadelphia,Pennsylvania,United States
City of New York,New York,United States
City of New York,New York,United States
Fort Erie,Ontario,Canada
Cliffside Park,New Jersey,United States
Revere,Massachusetts,United States
West Mifflin,Pennsylvania,United States
Bristol,Connecticut,United States
Portland,Oregon,United States
City of Rye,New York,United States
Donostia / San Sebastián,Euskadi,España
City of Rye,New York,United States
Cleveland,Ohio,United States
Salem,New Hampshire,United States
Gorleston-on-Sea,England,United Kingdom
,England,United Kingdom
,England,United Kingdom
,,
,England,United Kingdom
Sadsbury Township,Pennsylvania,United States
Revere,Massachusetts,United States
Sadsbury Township,Pennsylvania,United States
Ligonier,Pennsylvania,United States
Lakeside,Colorado,United States
Lunenburg,Massachusetts,United States
,,
Agawam,Massachusetts,United States
Derry Township,Pennsylvania,United States
Dartmouth,Massachusetts,United States
Sadsbury Township,Pennsylvania,United States
,,
London,England,United Kingdom
Erie,Pennsylvania,United States
Helsinki,Uusimaa,Suomi / Finland
Brooklyn,Ohio,United States
Franklin Township,Pennsylvania,United States
Powell,Ohio,United States
,,
,England,United Kingdom
Vancouver,British Columbia,Canada
,,
,,
Sandusky,Ohio,United States
Chicago,Illinois,United States
Ciudad de México,Ciudad de México,México
富士河口湖町,,日本
Arlington,Texas,United States
Myrtle Beach,South Carolina,United States
,,
Austell,Georgia,United States
,,
West Mifflin,Pennsylvania,United States
Sandusky,Ohio,United States
Arlington,Texas,United States
Houston,Texas,United States
吹田市,,日本
,,
Seaside Heights,New Jersey,United States
,,
,California,United States
,,
Wildwood,Missouri,United States
Houston,Texas,United States
,Missouri,United States
,,
,Ohio,United States
,,
,Ohio,United States
Derry Township,Pennsylvania,United States
,,
Austell,Georgia,United States
Kansas City,Missouri,United States
Jackson Township,New Jersey,United States
Derry Township,Pennsylvania,United States
Jackson Township,New Jersey,United States
Doswell,Virginia,United States
Derry Township,Pennsylvania,United States
,,
Williamsburg,Virginia,United States
,Virginia,United States
Eureka,Missouri,United States
Charlotte,North Carolina,United States
,Florida,United States
Nashville,Tennessee,United States
Jackson Township,New Jersey,United States
Sandusky,Ohio,United States
,,
Kansas City,Missouri,United States
,,
Shakopee,Minnesota,United States
Farmington,Utah,United States
Wildwood,New Jersey,United States
Jackson Township,New Jersey,United States
Shakopee,Minnesota,United States
Tampa,Florida,United States
,California,United States
Eureka,Missouri,United States
Houston,Texas,United States
Charlotte,North Carolina,United States
,,
,Ohio,United States
,,
,,
Derry Township,Pennsylvania,United States
Anaheim,California,United States
,England,United Kingdom
Hot Springs,Arkansas,United States
,California,United States
Sandusky,Ohio,United States
,,
Jackson Township,New Jersey,United States
Williamsburg,Virginia,United States
Buena Park,California,United States
,,
Arlington,Texas,United States
Austell,Georgia,United States
Altoona,Iowa,United States
Jackson Township,New Jersey,United States
,Ohio,United States
,,
,,
,Michigan,United States
稲城市,,日本
,England,United Kingdom
Jackson Township,New Jersey,United States
Sandusky,Ohio,United States
Sandusky,Ohio,United States
,,
Charlotte,North Carolina,United States
Staffordshire Moorlands,England,United Kingdom
Shakopee,Minnesota,United States
Arlington,Texas,United States
Kansas City,Missouri,United States
Tampa,Florida,United States
桑名市,,日本
,Ohio,United States
Gurnee,Illinois,United States
,Ohio,United States
,,
Vaughan,Ontario,Canada
Vaughan,Ontario,Canada
Town of Darien,New York,United States
Vaughan,Ontario,Canada
Kaatsheuvel,Noord-Brabant,Nederland
Montréal,Québec,Canada
Vaughan,Ontario,Canada
Vaughan,Ontario,Canada
Doswell,Virginia,United States
桑名市,,日本
Gold Coast City,Queensland,Australia
Gold Coast City,Queensland,Australia
Gold Coast City,Queensland,Australia
Town of Darien,New York,United States
Calgary,Alberta,Canada
,,
Staffordshire Moorlands,England,United Kingdom
Staffordshire Moorlands,England,United Kingdom
Farmington,Utah,United States
Agawam,Massachusetts,United States
Niagara Falls,Ontario,Canada
North Wildwood,New Jersey,United States
富士河口湖町,,日本
Houston,Texas,United States
,,
Buena Park,California,United States
,,
,,
,,
Williamsburg,Virginia,United States
,,
Runnymede,England,United Kingdom
,Ohio,United States
Wildwood,New Jersey,United States
Town of Queensbury,New York,United States
Monticello,Indiana,United States
桑名市,,日本
,,
Houston,Texas,United States
Sydney,New South Wales,Australia
Sandusky,Ohio,United States
,,
,,
Wassenaar,Zuid-Holland,Nederland
,,
Castelnuovo del Garda,Veneto,Italia
Edmonton,Alberta,Canada
Montréal,Québec,Canada
Franklin Township,Pennsylvania,United States
,,
Kaatsheuvel,Noord-Brabant,Nederland
Amarillo,Texas,United States
Sydney,New South Wales,Australia
Ligonier,Pennsylvania,United States
Gold Coast City,Queensland,Australia
Santa Clara,California,United States
Doswell,Virginia,United States
,,
Vaughan,Ontario,Canada
,,
,,
Vaughan,Ontario,Canada
,,
,,
Salem,New Hampshire,United States
Kasterlee,Antwerpen,België / Belgique / Belgien
Sandusky,Ohio,United States
,,
Göteborg,,Sverige
Ripon,England,United Kingdom
London,England,United Kingdom
London,England,United Kingdom
,,
,,
,Ohio,United States
South Whitehall Township,Pennsylvania,United States
,England,United Kingdom
Doswell,Virginia,United States
稲城市,,日本
Staffordshire Moorlands,England,United Kingdom
Ciudad de México,Ciudad de México,México
,,
Brühl,Nordrhein-Westfalen,Deutschland
,,
Stockholm,,Sverige
,California,United States
,Ohio,United States
Gurnee,Illinois,United States
,,
East Suffolk,England,United Kingdom
,Michigan,United States
,,
,,
,,
Shakopee,Minnesota,United States
,,
Parc Astérix,Hauts-de-France,France
Jackson Township,New Jersey,United States
Allentown,Pennsylvania,United States
Sandusky,Ohio,United States
Wildwood,Missouri,United States
München,Bayern,Deutschland
Kansas City,Missouri,United States
桑名市,,日本
Kasterlee,Antwerpen,België / Belgique / Belgien
,,
,,
Altoona,Iowa,United States
,,
,,
Helsinki,Uusimaa,Suomi / Finland
Town of Darien,New York,United States
Arlington,Texas,United States
,,
Louisville,Kentucky,United States
,,
Austell,Georgia,United States
,,
London,England,United Kingdom
,California,United States
,Ohio,United States
,Indiana,United States
Doswell,Virginia,United States
Kaatsheuvel,Noord-Brabant,Nederland
,California,United States
Derry Township,Pennsylvania,United States
West Mifflin,Pennsylvania,United States
Altoona,Pennsylvania,United States
,Western Australia,Australia
Ripon,England,United Kingdom
Vaughan,Ontario,Canada
Santa Clara,California,United States
,,
,,
,,
,,
,,
Phoenix,Arizona,United States
Williamsburg,Virginia,United States
,,
,,
,,
,Ohio,United States
別府市,,日本
East Lampeter Township,Pennsylvania,United States
,,
Grand Prairie,Texas,United States
,,
Staffordshire Moorlands,England,United Kingdom
Ravenna,Emilia-Romagna,Italia
San Antonio,Texas,United States
Charlotte,North Carolina,United States
,,
,,
,,
Winchester,Nevada,United States
Kansas City,Missouri,United States
Santa Clara,California,United States
,,
Holme-Olstrup,Region Sjælland,Danmark
,,
Tampa,Florida,United States
Jackson Township,New Jersey,United States
,,
Altoona,Iowa,United States
,,
,Missouri,United States
,Ohio,United States
Ligonier,Pennsylvania,United States
,,
Town of Queensbury,New York,United States
Dronten,Flevoland,Nederland
Vancouver,British Columbia,Canada
Primm,Nevada,United States
姫路市,,日本
桑名市,,日本
Monticello,Indiana,United States
,,
Staffordshire Moorlands,England,United Kingdom
Sandusky,Ohio,United States
Louisville,Kentucky,United States
Tamworth,England,United Kingdom
,England,United Kingdom
北九州市,,日本
稲城市,,日本
,Michigan,United States
Gold Coast City,Queensland,Australia
Bloomington,Minnesota,United States
,,
,,
,,
East Suffolk,England,United Kingdom
Gulf Shores,Alabama,United States
,,
,,
Wisconsin Dells,Wisconsin,United States
Salou,Catalunya,España
,,
Vaughan,Ontario,Canada
North Wildwood,New Jersey,United States
Buena Park,California,United States
Santa Claus,Indiana,United States
,,
Chessy,Île-de-France,France
Santa Rosa,Laguna,Philippines
Louisville,Kentucky,United States
Denver,Colorado,United States
Jackson Township,New Jersey,United States
Gurnee,Illinois,United States
,,
Bottrop,Nordrhein-Westfalen,Deutschland
,Florida,United States
Brühl,Nordrhein-Westfalen,Deutschland
,,
富士河口湖町,,日本
,,
Wildwood,New Jersey,United States
Las Vegas Valley,Nevada,United States
Narberth,Cymru / Wales,United Kingdom
Tampa,Florida,United States
Wisconsin Dells,Wisconsin,United States
Sandusky,Ohio,United States
Arlington,Texas,United States
,,
Jackson Township,New Jersey,United States
,Florida,United States
,,
,,
Runnymede,England,United Kingdom
Athol,Idaho,United States
,,
Shakopee,Minnesota,United States
Derry Township,Pennsylvania,United States
,,
Williamsburg,Virginia,United States
,,
,,
,,
Rust,Baden-Württemberg,Deutschland
San Antonio,Texas,United States
,,
,,
Bristol,Connecticut,United States
,,
志摩市,,日本
San Antonio,Texas,United States
Las Vegas,Nevada,United States
Manchester,England,United Kingdom
Salou,Catalunya,España
South Whitehall Township,Pennsylvania,United States
,California,United States
Parc Astérix,Hauts-de-France,France
Gold Coast City,Queensland,Australia
Buena Park,California,United States
Wisconsin Dells,Wisconsin,United States
Bristol,Connecticut,United States
,,
,,
Castelnuovo del Garda,Veneto,Italia
,,
North Wildwood,New Jersey,United States
Saco,Maine,United States
Buena Park,California,United States
Derry Township,Pennsylvania,United States
,,
,,
,,
鈴鹿市,,日本
Myrtle Beach,South Carolina,United States
Kansas City,Missouri,United States
Rio de Janeiro,Rio de Janeiro,Brasil
,,
Staffordshire Moorlands,England,United Kingdom
Bessemer,Alabama,United States
London,England,United Kingdom
,California,United States
,,
Thành phố Hồ Chí Minh,,Việt Nam
,Ohio,United States
,Michigan,United States
Gurnee,Illinois,United States
Louisville,Kentucky,United States
,,
Langhorne,Pennsylvania,United States
Kaatsheuvel,Noord-Brabant,Nederland
Doswell,Virginia,United States
Farmington,Utah,United States
Charlotte,North Carolina,United States
Charlotte,North Carolina,United States
Williamsburg,Virginia,United States
Bottrop,Nordrhein-Westfalen,Deutschland
,,
Jackson Township,New Jersey,United States
,,
,California,United States
Orlando,Florida,United States
West Mifflin,Pennsylvania,United States
Austell,Georgia,United States
Bowie,Maryland,United States
Jackson Township,New Jersey,United States
Santa Claus,Indiana,United States
Orlando,Florida,United States
,,
Tampa,Florida,United States
Bowie,Maryland,United States
,,
Jackson Township,New Jersey,United States
Soltau,Niedersachsen,Deutschland
,Michigan,United States
Shakopee,Minnesota,United States
East Lindsey,England,United Kingdom
,,
Vinhedo,São Paulo,Brasil
,,
San Antonio,Texas,United States
,,
Orlando,Florida,United States
Cincinnati,Ohio,United States
Gurnee,Illinois,United States
Vallejo,California,United States
,,
,,
Wildwood,New Jersey,United States
Town of Grand Island,New York,United States
San Antonio,Texas,United States
,,
Pigeon Forge,Tennessee,United States
,,
Madrid,Comunidad de Madrid,España
Athol,Idaho,United States
Valdosta,Georgia,United States
Franklin Township,Pennsylvania,United States
,,
Derry Township,Pennsylvania,United States
Sandusky,Ohio,United States
,Michigan,United States
Orlando,Florida,United States
Ciudad de México,Ciudad de México,México
Kansas City,Missouri,United States
Eureka,Missouri,United States
Bristol,Connecticut,United States
Agawam,Massachusetts,United States
Dania Beach,Florida,United States
古坑鄉,,臺灣
,,
,,
,,
Charlotte,North Carolina,United States
,,
Bottrop,Nordrhein-Westfalen,Deutschland
,California,United States
,,
Myrtle Beach,South Carolina,United States
,,
Ravenna,Emilia-Romagna,Italia
,Florida,United States
Santa Claus,Indiana,United States
Derry Township,Pennsylvania,United States
Helsinki,Uusimaa,Suomi / Finland
Vallejo,California,United States
New Orleans,Louisiana,United States
Sandusky,Ohio,United States
New Orleans,Louisiana,United States
,,
Erie,Pennsylvania,United States
North Wildwood,New Jersey,United States
,,
,,
,,
,Ohio,United States
Thành phố Thủ Đức,,Việt Nam
,Ohio,United States
,,
Dronten,Flevoland,Nederland
桑名市,,日本
,,
Agawam,Massachusetts,United States
San Antonio,Texas,United States
Ålgård,,Norge
Dronten,Flevoland,Nederland
,Ohio,United States
South Whitehall Township,Pennsylvania,United States
Dronten,Flevoland,Nederland
,,
Bowie,Maryland,United States
Anaheim,California,United States
,Georgia,United States
Soltau,Niedersachsen,Deutschland
Monticello,Indiana,United States
,,
富士河口湖町,,日本
Haßloch,Rheinland-Pfalz,Deutschland
,,
,,
,,
Anaheim,California,United States
Doswell,Virginia,United States
Anaheim,California,United States
古坑鄉,,臺灣
,,
Bottrop,Nordrhein-Westfalen,Deutschland
Anaheim,California,United States
Jackson Township,New Jersey,United States
West Mifflin,Pennsylvania,United States
Vaughan,Ontario,Canada
Allentown,Pennsylvania,United States
Vallejo,California,United States
Vinterbro,,Norge
Arlington,Texas,United States
Gurnee,Illinois,United States
Helsinki,Uusimaa,Suomi / Finland
,Missouri,United States
Arlington,Texas,United States
,,
,,
,,
Agawam,Massachusetts,United States
San Martín de la Vega,Comunidad de Madrid,España
Runnymede,England,United Kingdom
Gold Coast City,Queensland,Australia
,,
Staffordshire Moorlands,England,United Kingdom
Dronten,Flevoland,Nederland
East Lindsey,England,United Kingdom
,,
Monticello,Indiana,United States
Albuquerque,New Mexico,United States
,Florida,United States
Charlotte,North Carolina,United States
,,
Derry Township,Pennsylvania,United States
Gold Coast City,Queensland,Australia
Gold Coast City,Queensland,Australia
Rust,Baden-Württemberg,Deutschland
Seaside Heights,New Jersey,United States
San Martín de la Vega,Comunidad de Madrid,España
,,
Sadsbury Township,Pennsylvania,United States
San Martín de la Vega,Comunidad de Madrid,España
Montréal,Québec,Canada
Sandusky,Ohio,United States
Brühl,Nordrhein-Westfalen,Deutschland
,California,United States
Buena Park,California,United States
,,
Göteborg,,Sverige
,,
,,
,Western Australia,Australia
,,
,,
,,
Kissimmee,Florida,United States
,,
,,
Runnymede,England,United Kingdom
Branson,Missouri,United States
,California,United States
Farmington,Utah,United States
Shakopee,Minnesota,United States
,,
Valdosta,Georgia,United States
文京区,,日本
Sandusky,Ohio,United States
Galston,Alba / Scotland,United Kingdom
Holme-Olstrup,Region Sjælland,Danmark
Stockholm,,Sverige
Sevenum,Limburg,Nederland
København,Region Hovedstaden,Danmark
London,England,United Kingdom
Bloomington,Minnesota,United States
,,
Clementon,New Jersey,United States
Austell,Georgia,United States
,,
ميناء الدوحة,محافظة العاصمة,الكويت
,,
,,
,,
,,
Berrow,England,United Kingdom
Buena Park,California,United States
Staffordshire Moorlands,England,United Kingdom
Kansas City,Missouri,United States
Erie,Pennsylvania,United States
Derry Township,Pennsylvania,United States
,,
,,
Louisville,Kentucky,United States
Pigeon Forge,Tennessee,United States
Vaughan,Ontario,Canada
Helsinki,Uusimaa,Suomi / Finland
Kasterlee,Antwerpen,België / Belgique / Belgien
City of Rochester,New York,United States
Rust,Baden-Württemberg,Deutschland
Farmington,Utah,United States
,,
Alahärmä,Etelä-Pohjanmaa,Suomi / Finland
Charlotte,North Carolina,United States
,,
Tamworth,England,United Kingdom
Wisconsin Dells,Wisconsin,United States
Allentown,Pennsylvania,United States
,,
,,
Göteborg,,Sverige
Jackson Township,New Jersey,United States
,,
,,
,,
浦安市,,日本
Staffordshire Moorlands,England,United Kingdom
Castelnuovo del Garda,Veneto,Italia
Tampa,Florida,United States
Chessy,Île-de-France,France
Gold Coast City,Queensland,Australia
,Kentucky,United States
番禺区,广东省,中国
Brühl,Nordrhein-Westfalen,Deutschland
朝阳区,北京市,中国
富士河口湖町,,日本
,,
,Ohio,United States
朝阳区,北京市,中国
Austell,Georgia,United States
Montréal,Québec,Canada
,Missouri,United States
,,
朝阳区,北京市,中国
,Kentucky,United States
Kirby Misperton,England,United Kingdom
Kansas City,Missouri,United States
Vinterbro,,Norge
Narberth,Cymru / Wales,United Kingdom
Runnymede,England,United Kingdom
,,
,California,United States
Alahärmä,Etelä-Pohjanmaa,Suomi / Finland
Jackson Township,New Jersey,United States
Santa Claus,Indiana,United States
Hot Springs,Arkansas,United States
Kemah,Texas,United States
Chessy,Île-de-France,France
Kaatsheuvel,Noord-Brabant,Nederland
,,
Runnymede,England,United Kingdom
Den Haag,Zuid-Holland,Nederland
Salou,Catalunya,España
Edmonton,Alberta,Canada
Williamsburg,Virginia,United States
大阪市,,日本
,,
Bottrop,Nordrhein-Westfalen,Deutschland
,,
Helsinki,Uusimaa,Suomi / Finland
,,
Stockholm,,Sverige
Sandusky,Ohio,United States
Gold Coast City,Queensland,Australia
,,
Pigeon Forge,Tennessee,United States
,,
경주시,,대한민국
Southend-on-Sea,England,United Kingdom
Shakopee,Minnesota,United States
Buena Park,California,United States
Pasay,,Philippines
Gold Coast City,Queensland,Australia
,,
Farmington,Utah,United States
East Suffolk,England,United Kingdom
Eureka,Missouri,United States
,,
Vaughan,Ontario,Canada
Aarhus,Region Midtjylland,Danmark
,,
番禺区,广东省,中国
,,
,,
Derry Township,Pennsylvania,United States
,Ohio,United States
,,
,,
Gold Coast City,Queensland,Australia
,,
Castelnuovo del Garda,Veneto,Italia
Town of Darien,New York,United States
Barcelona,Catalunya,España
,,
Buena Park,California,United States
,,
Erie,Pennsylvania,United States
Thành phố Thủ Dầu Một,Tỉnh Bình Dương,Việt Nam
Fantasy Harbour,South Carolina,United States
Helsinki,Uusimaa,Suomi / Finland
Fantasy Harbour,South Carolina,United States
Bloomington,Minnesota,United States
Monticello,Indiana,United States
Oklahoma City,Oklahoma,United States
용인시,,대한민국
,,
Charlotte,North Carolina,United States
,California,United States
Rust,Baden-Württemberg,Deutschland
,,
,Ohio,United States
松江区,上海市,中国
Sierksdorf,Schleswig-Holstein,Deutschland
Wassenaar,Zuid-Holland,Nederland
Williamsburg,Virginia,United States
Orlando,Florida,United States
,,
Stockholm,,Sverige
,,
Franklin Township,Pennsylvania,United States
,Florida,United States
Kirby Misperton,England,United Kingdom
Kansas City,Missouri,United States
,Ohio,United States
Runnymede,England,United Kingdom
Agawam,Massachusetts,United States
,,
,,
Lengenfeld,Sachsen,Deutschland
,,Sverige
松江区,上海市,中国
Tampa,Florida,United States
Singapore,,Singapore
Singapore,,Singapore
Orlando,Florida,United States
,,
Singapore,,Singapore
أبو ظبي,أبو ظبي,الإمارات العربية المتحدة
أبو ظبي,أبو ظبي,الإمارات العربية المتحدة
Leipzig,Sachsen,Deutschland
Charlotte,North Carolina,United States
Doswell,Virginia,United States
Kaatsheuvel,Noord-Brabant,Nederland
,,
Maizières-lès-Metz,Grand Est,France
Ripon,England,United Kingdom
,,
,,
West Mifflin,Pennsylvania,United States
大阪市,,日本
Staffordshire Moorlands,England,United Kingdom
Kissimmee,Florida,United States
Charlotte,North Carolina,United States
,Ohio,United States
Tamworth,England,United Kingdom
,,
Franklin Township,Pennsylvania,United States
,England,United Kingdom
Farmington,Utah,United States
Gold Coast City,Queensland,Australia
Tampa,Florida,United States
,,
Austell,Georgia,United States
Fasano,Puglia,Italia
,,
,,
Gold Coast City,Queensland,Australia
香港島 Hong Kong Island,香港 Hong Kong,中国
Soltau,Niedersachsen,Deutschland
,,
Arlington,Texas,United States
Castelnuovo del Garda,Veneto,Italia
,,
,,
武进区,江苏省,中国
,,
富士河口湖町,,日本
,,
Jeanménil,Grand Est,France
Salem,New Hampshire,United States
Bottrop,Nordrhein-Westfalen,Deutschland
,,
盐田区,广东省,中国
Middlebury,Connecticut,United States
,,
Gold Coast City,Queensland,Australia
,Florida,United States
離島區 Islands District,香港 Hong Kong,中国
,,
洪山区,湖北省,中国
常州市,江苏省,中国
Wassenaar,Zuid-Holland,Nederland
,,
,,
Galveston,Texas,United States
,,
Vaughan,Ontario,Canada
San Diego,California,United States
Parc Astérix,Hauts-de-France,France
Billund,Region Syddanmark,Danmark
Salou,Catalunya,España
,,
,,
Vallejo,California,United States
Runnymede,England,United Kingdom
Runnymede,England,United Kingdom
,,
Williamsburg,Virginia,United States
Pigeon Forge,Tennessee,United States
,,
Rust,Baden-Württemberg,Deutschland
Gurnee,Illinois,United States
,Western Australia,Australia
,,
Buena Park,California,United States
东丽区,天津市,中国
,,Ayiti
Ralpho Township,Pennsylvania,United States
Orlando,Florida,United States
,California,United States
Sandusky,Ohio,United States
Santa Clara,California,United States
Wisconsin Dells,Wisconsin,United States
,,
Ciudad de México,Ciudad de México,México
Cleebronn,Baden-Württemberg,Deutschland
Vadwal,Maharashtra,India
,Region Nordjylland,Danmark
,Missouri,United States
Nürburg,Rheinland-Pfalz,Deutschland
Staffordshire Moorlands,England,United Kingdom
Pigeon Forge,Tennessee,United States
Gold Coast City,Queensland,Australia
Orlando,Florida,United States
,,
Doswell,Virginia,United States
Dolancourt,Grand Est,France
Rust,Baden-Württemberg,Deutschland
,Ohio,United States
,Ohio,United States
Monticello,Indiana,United States
松江区,上海市,中国
Pigeon Forge,Tennessee,United States
,,
Soltau,Niedersachsen,Deutschland
Gurnee,Illinois,United States
Orlando,Florida,United States
Göteborg,,Sverige
Louisville,Kentucky,United States
Winchester,Nevada,United States
Ciudad de México,Ciudad de México,México
珠海市,广东省,中国
,,
Bartlett,New Hampshire,United States
London,England,United Kingdom
,,
,,
Santa Claus,Indiana,United States
City of New York,New York,United States
稲城市,,日本
Vaughan,Ontario,Canada
,,
,,
Kaatsheuvel,Noord-Brabant,Nederland
,,
Farmington,Utah,United States
,,
Charlotte,North Carolina,United States
景洪市,云南省,中国
Franklin Township,Pennsylvania,United States
,,
Alahärmä,Etelä-Pohjanmaa,Suomi / Finland
,,
Derry Township,Pennsylvania,United States
Castelnuovo del Garda,Veneto,Italia
,,
Singapore,,Singapore
Anaheim,California,United States
Sandusky,Ohio,United States
Louisville,Kentucky,United States
Williamsburg,Virginia,United States
,,Éire / Ireland
Sierksdorf,Schleswig-Holstein,Deutschland
East Farmingdale,New York,United States
,California,United States
Agawam,Massachusetts,United States
,,
,,
,,
,,
大阪市,,日本
,,
,,
,,
Dronten,Flevoland,Nederland
Orlando,Florida,United States
Altoona,Iowa,United States
Wavre,Brabant wallon,België / Belgique / Belgien
Brühl,Nordrhein-Westfalen,Deutschland
,,
,,
Louisville,Kentucky,United States
Brühl,Nordrhein-Westfalen,Deutschland
,,
,,
Sandusky,Ohio,United States
,,Sverige
Ieper,West-Vlaanderen,België / Belgique / Belgien
Gold Coast City,Queensland,Australia
,,
Slagharen,Overijssel,Nederland
Seaside Heights,New Jersey,United States
Williamsburg,Virginia,United States
,Florida,United States
,,
,,
,,
Santa Clara,California,United States
Parc Astérix,Hauts-de-France,France
,,
Bottrop,Nordrhein-Westfalen,Deutschland
Chessy,Île-de-France,France
,,
,,
,,
San Antonio,Texas,United States
Portland,Oregon,United States
San Diego,California,United States
Sevenum,Limburg,Nederland
Buena Park,California,United States
,,
,England,United Kingdom
Anaheim,California,United States
East Lampeter Township,Pennsylvania,United States
Santa Clara,California,United States
,,
,Florida,United States
Sandusky,Ohio,United States
Town of Darien,New York,United States
Wavre,Brabant wallon,België / Belgique / Belgien
,Missouri,United States
Austell,Georgia,United States
,,
Göteborg,,Sverige
Staffordshire Moorlands,England,United Kingdom
Ciudad de México,Ciudad de México,México
San Antonio,Texas,United States
,,
Charlotte,North Carolina,United States
Ravenna,Emilia-Romagna,Italia
Pigeon Forge,Tennessee,United States
,,
,,
,,
,,
Kasterlee,Antwerpen,België / Belgique / Belgien
,Florida,United States
桑名市,,日本
Kissimmee,Florida,United States
Louisville,Kentucky,United States
,,
Les Avenières Veyrins-Thuellin,Auvergne-Rhône-Alpes,France
East Rutherford,New Jersey,United States
,,
North Wildwood,New Jersey,United States
West Mifflin,Pennsylvania,United States
,,
Helsinki,Uusimaa,Suomi / Finland
Tampa,Florida,United States
East Rutherford,New Jersey,United States
Dronten,Flevoland,Nederland
Vaughan,Ontario,Canada
Przeciszów,województwo małopolskie,Polska
Derry Township,Pennsylvania,United States
Brühl,Nordrhein-Westfalen,Deutschland
Kaatsheuvel,Noord-Brabant,Nederland
Chasseneuil-du-Poitou,Nouvelle-Aquitaine,France
,Ohio,United States
Alahärmä,Etelä-Pohjanmaa,Suomi / Finland
East Rutherford,New Jersey,United States
San Antonio,Texas,United States
Ieper,West-Vlaanderen,België / Belgique / Belgien
,California,United States
Zator,województwo małopolskie,Polska
Altoona,Iowa,United States
,,
Jackson Township,New Jersey,United States
Wavre,Brabant wallon,België / Belgique / Belgien
,,
Jackson Township,New Jersey,United States
Sadsbury Township,Pennsylvania,United States
South Oxfordshire,England,United Kingdom
Stockholm,,Sverige
Gold Coast City,Queensland,Australia
New Forest,England,United Kingdom
Athol,Idaho,United States
Adinkerke,West-Vlaanderen,België / Belgique / Belgien
Orlando,Florida,United States
Arlington,Texas,United States
,,
,,
,,
San Diego,California,United States
,,
,,
,Florida,United States
Tampa,Florida,United States
Gold Coast City,Queensland,Australia
,,
Williamsburg,Virginia,United States
,,
,,
,,
